{
    "manifest_version": 2,
    "name": "AI Form Assistant",
    "description": "Autofills input fields using AI",
    "version": "1.0",
    "permissions": ["<all_urls>"],
    "icons": {
      "16": "ai_popup.png",
      "32": "ai_popup.png",
      "48": "ai_popup.png",
      "128": "ai_popup.png"
    },
    "web_accessible_resources": ["ai_popup.png"],
    "content_scripts": [
      {
        "matches": ["<all_urls>"],
        "js": ["content-firefox.js"],
        "run_at": "document_idle"
      }
    ]
  } 